{"meta": {"format": 3, "version": "7.13.1", "timestamp": "2026-01-24T03:07:21.793533", "branch_coverage": false, "show_contexts": false}, "files": {"src/core/indicator_set_optimizer.py": {"executed_lines": [14, 15, 16, 17, 18, 19, 21, 22, 23, 24, 25, 27, 28, 29, 31, 34, 35, 38, 39, 40, 41, 42, 43, 44, 45, 46, 47, 48, 49, 52, 53, 56, 57, 58, 59, 60, 61, 62, 65, 68, 81, 82, 83, 85, 95, 96, 98, 99, 101, 102, 105, 106, 107, 110, 114, 125, 127, 129, 131, 133, 134, 136, 137, 139, 140, 143, 144, 145, 148, 152, 162, 164, 166, 168, 173, 177, 178, 180, 181, 182, 184, 186, 187, 193, 196, 197, 199, 203, 213, 215, 217, 218, 221, 222, 223, 226, 227, 228, 229, 232, 233, 236, 237, 238, 241, 242, 243, 244, 247, 248, 249, 251, 254, 257, 259, 274, 276, 292, 295, 296, 298, 317, 318, 319, 320, 321, 322, 325, 327, 332, 360, 372, 374, 375, 378, 381, 387, 391, 392, 395, 397, 399, 409, 412, 413, 414, 417, 419, 421, 423, 425, 432, 434, 446, 449, 450, 451, 452, 454, 455, 457, 459, 461, 462, 464, 466, 470, 472, 473, 474, 475, 476, 478, 479, 480, 481, 483, 484, 485, 486, 487, 488, 489, 491, 492, 493, 495, 496, 497, 499, 500, 502, 503, 504, 505, 506, 508, 510, 514, 516, 525, 528, 533, 535, 536, 546, 548, 552, 553, 554, 556, 557, 558, 560, 561, 562, 564, 565, 566, 568, 569, 570, 572, 573, 574, 576, 577, 578, 580, 581, 582, 584, 585, 586, 588, 589, 590, 593, 595, 597, 600, 603, 604, 606, 607, 614, 616, 619, 620, 622, 623, 627, 640, 641, 643, 644, 645, 646, 681, 682, 683, 684, 686, 687, 688, 702, 703, 704, 739, 740, 741, 743, 744, 745, 794, 795, 796, 797, 799, 800, 801, 808, 817, 818, 819, 836, 838, 840, 850, 862, 864, 865, 866, 867, 904, 905, 906, 907, 945, 947, 957, 958, 961, 964, 965, 968, 969, 972, 973, 976, 979, 988, 989, 991, 993, 995, 1018, 1028, 1029, 1032, 1035, 1051, 1052, 1054, 1076, 1077, 1079, 1080, 1082, 1084, 1086, 1090, 1092, 1093, 1099, 1100, 1102, 1105, 1106, 1108], "summary": {"covered_lines": 340, "num_statements": 409, "percent_covered": 83.12958435207824, "percent_covered_display": "83", "missing_lines": 69, "excluded_lines": 0, "percent_statements_covered": 83.12958435207824, "percent_statements_covered_display": "83"}, "missing_lines": [174, 190, 191, 201, 343, 345, 346, 348, 350, 352, 358, 388, 537, 538, 539, 540, 541, 542, 544, 612, 625, 653, 654, 655, 662, 663, 664, 672, 673, 718, 720, 721, 730, 731, 759, 760, 761, 775, 776, 777, 785, 786, 809, 810, 827, 828, 841, 842, 843, 851, 852, 853, 874, 875, 876, 883, 885, 886, 895, 896, 914, 915, 916, 923, 924, 925, 933, 934, 943], "excluded_lines": [], "functions": {"SignalBacktest.__init__": {"executed_lines": [81, 82, 83], "summary": {"covered_lines": 3, "num_statements": 3, "percent_covered": 100.0, "percent_covered_display": "100", "missing_lines": 0, "excluded_lines": 0, "percent_statements_covered": 100.0, "percent_statements_covered_display": "100"}, "missing_lines": [], "excluded_lines": [], "start_line": 68}, "SignalBacktest.backtest_entry_long": {"executed_lines": [95, 96, 98, 99, 101, 102, 105, 106, 107, 110, 114, 125, 127, 129], "summary": {"covered_lines": 14, "num_statements": 14, "percent_covered": 100.0, "percent_covered_display": "100", "missing_lines": 0, "excluded_lines": 0, "percent_statements_covered": 100.0, "percent_statements_covered_display": "100"}, "missing_lines": [], "excluded_lines": [], "start_line": 85}, "SignalBacktest.backtest_entry_short": {"executed_lines": [133, 134, 136, 137, 139, 140, 143, 144, 145, 148, 152, 162, 164, 166], "summary": {"covered_lines": 14, "num_statements": 14, "percent_covered": 100.0, "percent_covered_display": "100", "missing_lines": 0, "excluded_lines": 0, "percent_statements_covered": 100.0, "percent_statements_covered_display": "100"}, "missing_lines": [], "excluded_lines": [], "start_line": 131}, "SignalBacktest.backtest_exit_timing": {"executed_lines": [173, 177, 178, 180, 181, 182, 184, 186, 187, 193, 196, 197, 199, 203, 213], "summary": {"covered_lines": 15, "num_statements": 19, "percent_covered": 78.94736842105263, "percent_covered_display": "79", "missing_lines": 4, "excluded_lines": 0, "percent_statements_covered": 78.94736842105263, "percent_statements_covered_display": "79"}, "missing_lines": [174, 190, 191, 201], "excluded_lines": [], "start_line": 168}, "SignalBacktest._calculate_metrics": {"executed_lines": [217, 218, 221, 222, 223, 226, 227, 228, 229, 232, 233, 236, 237, 238, 241, 242, 243, 244, 247, 248, 249, 251, 254, 257, 259], "summary": {"covered_lines": 25, "num_statements": 25, "percent_covered": 100.0, "percent_covered_display": "100", "missing_lines": 0, "excluded_lines": 0, "percent_statements_covered": 100.0, "percent_statements_covered_display": "100"}, "missing_lines": [], "excluded_lines": [], "start_line": 215}, "SignalBacktest._empty_metrics": {"executed_lines": [276], "summary": {"covered_lines": 1, "num_statements": 1, "percent_covered": 100.0, "percent_covered_display": "100", "missing_lines": 0, "excluded_lines": 0, "percent_statements_covered": 100.0, "percent_statements_covered_display": "100"}, "missing_lines": [], "excluded_lines": [], "start_line": 274}, "IndicatorSetOptimizer.__init__": {"executed_lines": [317, 318, 319, 320, 321, 322, 325, 327], "summary": {"covered_lines": 8, "num_statements": 8, "percent_covered": 100.0, "percent_covered_display": "100", "missing_lines": 0, "excluded_lines": 0, "percent_statements_covered": 100.0, "percent_statements_covered_display": "100"}, "missing_lines": [], "excluded_lines": [], "start_line": 298}, "IndicatorSetOptimizer.optimize_all_signals": {"executed_lines": [], "summary": {"covered_lines": 0, "num_statements": 7, "percent_covered": 0.0, "percent_covered_display": "0", "missing_lines": 7, "excluded_lines": 0, "percent_statements_covered": 0.0, "percent_statements_covered_display": "0"}, "missing_lines": [343, 345, 346, 348, 350, 352, 358], "excluded_lines": [], "start_line": 332}, "IndicatorSetOptimizer._optimize_signal_type": {"executed_lines": [372, 374, 375, 378, 381, 387, 391, 392, 395, 397, 399, 409, 412, 413, 414, 417], "summary": {"covered_lines": 16, "num_statements": 17, "percent_covered": 94.11764705882354, "percent_covered_display": "94", "missing_lines": 1, "excluded_lines": 0, "percent_statements_covered": 94.11764705882354, "percent_statements_covered_display": "94"}, "missing_lines": [388], "excluded_lines": [], "start_line": 360}, "IndicatorSetOptimizer._create_study": {"executed_lines": [421, 423, 425, 432], "summary": {"covered_lines": 4, "num_statements": 4, "percent_covered": 100.0, "percent_covered_display": "100", "missing_lines": 0, "excluded_lines": 0, "percent_statements_covered": 100.0, "percent_statements_covered_display": "100"}, "missing_lines": [], "excluded_lines": [], "start_line": 419}, "IndicatorSetOptimizer._objective": {"executed_lines": [446, 449, 450, 451, 452, 454, 455, 457, 459, 461, 462, 464], "summary": {"covered_lines": 12, "num_statements": 12, "percent_covered": 100.0, "percent_covered_display": "100", "missing_lines": 0, "excluded_lines": 0, "percent_statements_covered": 100.0, "percent_statements_covered_display": "100"}, "missing_lines": [], "excluded_lines": [], "start_line": 434}, "IndicatorSetOptimizer._suggest_params": {"executed_lines": [470, 472, 473, 474, 475, 476, 478, 479, 480, 481, 483, 484, 485, 486, 487, 488, 489, 491, 492, 493, 495, 496, 497, 499, 500, 502, 503, 504, 505, 506, 508], "summary": {"covered_lines": 31, "num_statements": 31, "percent_covered": 100.0, "percent_covered_display": "100", "missing_lines": 0, "excluded_lines": 0, "percent_statements_covered": 100.0, "percent_statements_covered_display": "100"}, "missing_lines": [], "excluded_lines": [], "start_line": 466}, "IndicatorSetOptimizer._evaluate_indicator": {"executed_lines": [514], "summary": {"covered_lines": 1, "num_statements": 1, "percent_covered": 100.0, "percent_covered_display": "100", "missing_lines": 0, "excluded_lines": 0, "percent_statements_covered": 100.0, "percent_statements_covered_display": "100"}, "missing_lines": [],